vno,mno,fno,vdate
73,1,1,2025-09-03 00:50:59
74,1,1,2025-09-03 00:51:00
75,1,1,2025-09-03 00:51:00
76,1,1,2025-09-03 00:51:00
77,1,2,2025-09-03 00:51:05
78,1,2,2025-09-03 00:51:05
79,1,2,2025-09-03 00:51:05
80,1,2,2025-09-03 00:51:06
81,1,2,2025-09-03 00:51:06
82,1,2,2025-09-03 00:51:06
83,1,2,2025-09-03 00:51:06
84,1,2,2025-09-03 00:51:06
85,1,2,2025-09-03 00:51:06
86,1,2,2025-09-03 00:51:06
87,1,3,2025-09-03 00:51:08
88,1,3,2025-09-03 00:51:09
89,1,3,2025-09-03 00:51:09
90,1,3,2025-09-03 00:51:09
91,1,3,2025-09-03 00:51:09
92,1,3,2025-09-03 00:51:09
93,1,3,2025-09-03 00:51:09
94,1,3,2025-09-03 00:51:09
95,1,3,2025-09-03 00:51:10
96,1,3,2025-09-03 00:51:10
97,1,3,2025-09-03 00:51:10
98,1,3,2025-09-03 00:51:10
99,1,4,2025-09-03 00:51:12
100,1,4,2025-09-03 00:51:12
101,1,4,2025-09-03 00:51:12
102,1,4,2025-09-03 00:51:12
103,1,4,2025-09-03 00:51:12
104,1,4,2025-09-03 00:51:13
105,1,4,2025-09-03 00:51:13
106,1,4,2025-09-03 00:51:13
107,1,4,2025-09-03 00:51:13
108,1,4,2025-09-03 00:51:13
109,1,4,2025-09-03 00:51:13
110,1,4,2025-09-03 00:51:13
111,1,4,2025-09-03 00:51:13
112,1,5,2025-09-03 00:51:15
113,1,5,2025-09-03 00:51:15
114,1,5,2025-09-03 00:51:16
115,1,5,2025-09-03 00:51:16
116,1,5,2025-09-03 00:51:16
117,1,5,2025-09-03 00:51:16
118,1,5,2025-09-03 00:51:16
119,1,5,2025-09-03 00:51:16
120,1,5,2025-09-03 00:51:16
121,1,5,2025-09-03 00:51:17
122,1,5,2025-09-03 00:51:17
123,1,6,2025-09-03 00:51:19
124,1,6,2025-09-03 00:51:19
125,1,6,2025-09-03 00:51:19
126,1,6,2025-09-03 00:51:19
127,1,6,2025-09-03 00:51:19
128,1,6,2025-09-03 00:51:19
129,1,6,2025-09-03 00:51:20
130,1,6,2025-09-03 00:51:20
131,1,6,2025-09-03 00:51:20
132,1,6,2025-09-03 00:51:20
133,1,7,2025-09-03 00:51:22
134,1,7,2025-09-03 00:51:22
135,1,7,2025-09-03 00:51:22
136,1,7,2025-09-03 00:51:22
137,1,7,2025-09-03 00:51:22
138,1,7,2025-09-03 00:51:23
139,1,7,2025-09-03 00:51:23
140,1,7,2025-09-03 00:51:23
141,1,7,2025-09-03 00:51:23
