vno, mno, fno , vdate
1,101,201,2025-09-01 17:54:06
1,101,202,2025-09-01 17:54:20
0,101,202,2025-09-01 17:59:11
0,101,202,2025-09-01 17:59:18
1,101,202,2025-09-01 18:02:49
2,101,202,2025-09-01 18:02:59
3,101,202,2025-09-01 18:03:02
4,101,202,2025-09-01 18:03:03
5,101,202,2025-09-01 18:03:05
6,101,202,2025-09-01 18:03:07
1,101,202,2025-09-01 18:09:09
2,101,202,2025-09-01 18:09:19
3,101,202,2025-09-01 18:09:21
4,101,202,2025-09-01 18:09:23
1,101,202,2025-09-01 18:18:10
2,101,202,2025-09-01 18:18:14
3,101,202,2025-09-01 18:18:17
4,101,202,2025-09-01 18:18:21
1,101,202,2025-09-01 18:18:32
1,101,202,2025-09-01 18:19:30
2,101,202,2025-09-01 18:19:34
3,101,202,2025-09-01 18:19:36
1,101,202,2025-09-01 18:19:46
1,101,202,2025-09-01 18:20:45
2,101,202,2025-09-01 18:20:48
3,101,202,2025-09-01 18:20:50
4,101,202,2025-09-01 18:20:52
1,101,202,2025-09-01 18:21:03
